range,word,meaning,example,phonetic,part_of_speech
"115-1-1-2(雜誌)",anxiety,"焦慮；不安","","","n."
"115-1-1-2(雜誌)",alert,"警戒；警報","","","n."
"115-1-1-2(雜誌)",habitually,"習慣性地；通常地","","","adv."
"115-1-1-2(雜誌)",persistent,"持續的；頑強存在的","","","adj."
"115-1-1-2(雜誌)",gratitude,"感激；感謝","","","n."
"115-1-1-2(雜誌)",flaw,"缺陷；缺點","","","n."
"115-1-1-2(雜誌)",generation,"世代；一代","","","n."
"115-1-1-2(雜誌)",harsh,"令人不快的；嚴厲的","","","adj."
"115-1-1-2(雜誌)",cautious,"小心謹慎的","","","adj."
"115-1-1-2(雜誌)",criticism,"批評；評論","","","n."
"115-1-1-2(雜誌)",phenomenon,"現象（複數 phenomena）","","","n."
"115-1-1-2(雜誌)",bias,"傾向；偏好；偏見","","","n."
"115-1-1-2(雜誌)",tendency,"傾向；趨勢","","","n."
"115-1-1-2(雜誌)",compliment,"稱讚；恭維的話","","","n."
"115-1-1-2(雜誌)",ratio,"比例","","","n."
"115-1-1-2(雜誌)",ancestor,"祖先","","","n."
"115-1-1-2(雜誌)",inherit,"繼承；經遺傳而得","","","vt."
"115-1-1-2(雜誌)",scan,"掃描；搜尋","","","v."
