"range","word","meaning","example","phonetic","part_of_speech"
"115-1-1-1(課本)","hesitation","猶豫","","","n. [U]"
"115-1-1-1(課本)","dress up","裝扮","","","phr."
"115-1-1-1(課本)","pass on...to...","將……傳給、轉交給……","","","phr."
"115-1-1-1(課本)","cheer...up","使……振奮、高興","","","phr."
"115-1-1-1(課本)","turn...down","拒絕……","","","phr."
"115-1-1-1(課本)","be about to","即將；正要","","","phr."
"115-1-1-1(課本)","after all","畢竟","","","phr."
"115-1-1-1(課本)","make a difference","有所影響","","","phr."
"115-1-1-1(課本)","hug","擁抱","","","vt.; n. [C]"
"115-1-1-1(課本)","drowsy","昏昏欲睡的","","","adj."
"115-1-1-1(課本)","stretch","伸出（手臂或腿）；伸長；拉長","","","vt."
"115-1-1-1(課本)","refuse","拒絕","","","vi.; vt."
"115-1-1-1(課本)","refusal","拒絕","","","n. [U]"
"115-1-1-1(課本)","hesitate","猶豫","","","vi."
"115-1-1-1(課本)","prompt","促使；立即的","","","vt.; adj."
"115-1-1-1(課本)","pale","蒼白的","","","adj."
"115-1-1-1(課本)","confine","使離不開（床、輪椅等）；侷限；限定","","","vt."
"115-1-1-1(課本)","sparkle","神采；閃耀","","","n. [C]; vi."
"115-1-1-1(課本)","fright","驚嚇","","","n. [U]"
"115-1-1-1(課本)","contact","接觸；聯絡","","","n. [U]; vt."
"115-1-1-1(課本)","germ","細菌","","","n. [C] (usu. pl.)"
"115-1-1-1(課本)","warmth","熱情；溫暖","","","n. [U]"
"115-1-1-1(課本)","frail","虛弱的","","","adj."
"115-1-1-1(課本)","terminal","航廈；月臺；末期的","","","n. [C]; adj."
"115-1-1-1(課本)","illness","疾病；生病","","","n. [C]; n. [U]"
"115-1-1-1(課本)","ill","生病的","","","adj."
"115-1-1-1(課本)","tremendously","相當大地","","","adv."
"115-1-1-1(課本)","tremendous","相當大的","","","adj."
"115-1-1-1(課本)","laughter","笑；笑聲","","","n. [U]"
"115-1-1-1(課本)","frighten","使驚嚇","","","vt."
"115-1-1-1(課本)","employ","僱用","","","vt."
"115-1-1-1(課本)","employer","雇主","","","n. [C]"
"115-1-1-1(課本)","employee","員工；受僱者","","","n. [C]"
"115-1-1-1(課本)","employment","工作；受僱","","","n. [U]"
"115-1-1-1(課本)","corporation","（大）公司；集團公司","","","n. [C]"
"115-1-1-1(課本)","corporate","（大）公司的","","","adj."
"115-1-1-1(課本)","suffer","受苦","","","vi."
